chromosome,position,end_position,gene_var,ref,alt,note ,pos,GTEx expression
chr2,25234306,25234307,DNMT3A_P904L,G,A,,2711,4.222
chr2,25247646,25247647,DNMT3A_R320*,G,A,,958,4.222
chr2,25247628,25247629,DNMT3A_R326C,G,A,,976,4.222
chr2,25244213,25244214,DNMT3A_R598*,G,A,,1792,4.222
chr2,25240438,25240439,DNMT3A_R729W,G,A,,2185,4.222
chr2,25240417,25240418,DNMT3A_R736C,G,A,,2206,4.222
chr2,25240416,25240417,DNMT3A_R736H,C,T,,2207,4.222
chr2,25240312,25240313,DNMT3A_R771*,G,A,,2311,4.222
chr2,25234373,25234374,DNMT3A_R882C,G,T,,2644,4.222
chr2,25234372,25234373,DNMT3A_R882H,C,T,,2645,4.222
chr2,25240419,25240420,DNMT3A_Y735C,T,C,,2204,4.222
chr1,1815789,1815790,GNB1_K57E,T,C,,170,152.4
chr2,208248387,208248388,IDH1_R132H,C,T,,395,11.99
chr15,90088701,90088702,IDH2_R140Q,C,T,,419,32.39
chr15,90088605,90088606,IDH2_R172K,C,T,,515,32.39
chr9,5073769,5073770,JAK2_V617F,G,T,,1848,8.859
chr4,54733153,54733155,KIT_D816F,A,T,del,2446,0.2458
chr4,54733153,54733154,KIT_D816H,C,G,,2446,0.2458
chr4,54733154,54733155,KIT_D816V,T,A,,2447,0.2458
chr4,54733153,54733154,KIT_D816Y,C,A,,2446,0.2458
chr12,25245350,25245351,KRAS_G12C,C,A,,34,9.088
chr12,25245349,25245350,KRAS_G12D,C,T,,35,9.088
chr12,25245349,25245350,KRAS_G12V,C,A,,35,9.088
chr1,43349337,43349338,MPL_W515L,C,A,,1544,0.1707
chr5,171410540,171410542,NPM1_W288fs,T,A,fs ,863,54.7
chr1,114716126,114716127,NRAS_G12C,C,A,,34,5.957
chr1,114716125,114716126,NRAS_G12D,C,T,,35,5.957
chr1,114716125,114716126,NRAS_G12V,C,A,,35,5.957
chr2,197402634,197402635,SF3B1_K666N,C,G,,1988,49.17
chr2,197402109,197402110,SF3B1_K700E,T,C,,2098,49.17
chr17,76736876,76736877,SRSF2_P95H,G,T,,284,59.49
chr17,76736876,76736877,SRSF2_P95R,G,C,,284,59.49
chr17,7675087,7675088,TP53_R175H,C,T,,524,7.698
chr17,7674219,7674220,TP53_R248Q,C,T,,743,7.698
chr17,7673819,7673820,TP53_R273C,G,A,,817,7.698
chr17,7673819,7673820,TP53_R273H,C,T,,818,7.698
chr17,7673775,7673776,TP53_R282W,G,A,,844,7.698
chr17,7674893,7674894,TP53_R213*,G,A,del,637,7.698
chr17,7674229,7674230,TP53_G245S,C,T,,733,7.698
chr17,7674871,7674872,TP53_Y220C,T,C,,659,7.698
chr17,7674215,7674216,TP53_R249S,C,G,,747,7.698
chr17,7674944,7674945,TP53_R196*,G,A,del ,586,7.698